item_id,categories
0,[PAD]
1,All Beauty
2,All Beauty
3,All Beauty
4,All Beauty
5,All Beauty
6,All Beauty
7,All Beauty
8,All Beauty
9,All Beauty
10,All Beauty
11,All Beauty
12,All Beauty
13,All Beauty
14,All Beauty
15,All Beauty
16,All Beauty
17,All Beauty
18,All Beauty
19,All Beauty
20,All Beauty
21,All Beauty
22,All Beauty
23,All Beauty
24,All Beauty
25,All Beauty
26,All Beauty
27,All Beauty
28,All Beauty
29,All Beauty
30,All Beauty
31,All Beauty
32,All Beauty
33,All Beauty
34,All Beauty
35,All Beauty
36,All Beauty
37,All Beauty
38,All Beauty
39,All Beauty
40,All Beauty
41,All Beauty
42,All Beauty
43,All Beauty
44,All Beauty
45,All Beauty
46,All Beauty
47,All Beauty
48,Premium Beauty
49,All Beauty
50,All Beauty
51,All Beauty
52,All Beauty
53,All Beauty
54,All Beauty
55,All Beauty
56,All Beauty
57,All Beauty
58,All Beauty
59,All Beauty
60,All Beauty
61,All Beauty
62,All Beauty
63,All Beauty
64,All Beauty
65,All Beauty
66,All Beauty
67,All Beauty
68,All Beauty
69,All Beauty
70,All Beauty
71,All Beauty
72,All Beauty
73,All Beauty
74,All Beauty
75,All Beauty
76,All Beauty
77,All Beauty
78,All Beauty
79,All Beauty
80,All Beauty
81,All Beauty
82,All Beauty
83,All Beauty
84,All Beauty
85,All Beauty
86,All Beauty
87,All Beauty
88,All Beauty
89,All Beauty
90,All Beauty
91,All Beauty
92,All Beauty
93,All Beauty
94,All Beauty
95,All Beauty
96,All Beauty
97,All Beauty
98,All Beauty
99,Premium Beauty
100,All Beauty
101,All Beauty
102,Premium Beauty
103,All Beauty
104,All Beauty
105,All Beauty
106,All Beauty
107,Premium Beauty
108,All Beauty
109,All Beauty
110,All Beauty
111,All Beauty
112,All Beauty
113,All Beauty
114,All Beauty
115,All Beauty
116,All Beauty
117,Premium Beauty
118,Premium Beauty
119,All Beauty
120,All Beauty
121,All Beauty
122,All Beauty
123,All Beauty
124,All Beauty
125,All Beauty
126,All Beauty
127,All Beauty
128,All Beauty
129,All Beauty
130,All Beauty
131,All Beauty
132,All Beauty
133,All Beauty
134,All Beauty
135,All Beauty
136,All Beauty
137,All Beauty
138,All Beauty
139,All Beauty
140,All Beauty
141,All Beauty
142,All Beauty
143,All Beauty
144,All Beauty
145,All Beauty
146,All Beauty
147,All Beauty
148,All Beauty
149,All Beauty
150,All Beauty
151,All Beauty
152,All Beauty
153,All Beauty
154,All Beauty
155,All Beauty
156,All Beauty
157,All Beauty
158,All Beauty
159,All Beauty
160,All Beauty
161,All Beauty
162,All Beauty
163,All Beauty
164,All Beauty
165,All Beauty
166,All Beauty
167,All Beauty
168,All Beauty
169,All Beauty
170,All Beauty
171,All Beauty
172,All Beauty
173,All Beauty
174,All Beauty
175,All Beauty
176,All Beauty
177,All Beauty
178,All Beauty
179,All Beauty
180,All Beauty
181,All Beauty
182,All Beauty
183,All Beauty
184,All Beauty
185,All Beauty
186,All Beauty
187,All Beauty
188,All Beauty
189,All Beauty
190,All Beauty
191,All Beauty
192,All Beauty
193,All Beauty
194,All Beauty
195,All Beauty
196,All Beauty
197,All Beauty
198,All Beauty
199,All Beauty
200,All Beauty
201,All Beauty
202,All Beauty
203,All Beauty
204,All Beauty
205,Premium Beauty
206,All Beauty
207,All Beauty
208,All Beauty
209,All Beauty
210,All Beauty
211,All Beauty
212,All Beauty
213,All Beauty
214,All Beauty
215,All Beauty
216,All Beauty
217,All Beauty
218,All Beauty
219,All Beauty
220,All Beauty
221,All Beauty
222,All Beauty
223,All Beauty
224,All Beauty
225,All Beauty
226,All Beauty
227,All Beauty
228,All Beauty
229,All Beauty
230,All Beauty
231,All Beauty
232,All Beauty
233,All Beauty
234,All Beauty
235,All Beauty
236,All Beauty
237,All Beauty
238,All Beauty
239,All Beauty
240,All Beauty
241,All Beauty
242,All Beauty
243,All Beauty
244,All Beauty
245,All Beauty
246,All Beauty
247,All Beauty
248,All Beauty
249,All Beauty
250,All Beauty
251,All Beauty
252,All Beauty
253,Premium Beauty
254,All Beauty
255,All Beauty
256,All Beauty
257,All Beauty
258,All Beauty
259,All Beauty
260,All Beauty
261,All Beauty
262,All Beauty
263,All Beauty
264,All Beauty
265,All Beauty
266,All Beauty
267,All Beauty
268,All Beauty
269,All Beauty
270,All Beauty
271,All Beauty
272,All Beauty
273,All Beauty
274,All Beauty
275,All Beauty
276,All Beauty
277,All Beauty
278,Premium Beauty
279,All Beauty
280,All Beauty
281,All Beauty
282,All Beauty
283,All Beauty
284,All Beauty
285,All Beauty
286,All Beauty
287,All Beauty
288,All Beauty
289,All Beauty
290,All Beauty
291,All Beauty
292,All Beauty
293,All Beauty
294,All Beauty
295,All Beauty
296,All Beauty
297,All Beauty
298,All Beauty
299,All Beauty
300,All Beauty
301,All Beauty
302,All Beauty
303,All Beauty
304,All Beauty
305,All Beauty
306,All Beauty
307,All Beauty
308,All Beauty
309,All Beauty
310,All Beauty
311,All Beauty
312,All Beauty
313,All Beauty
314,All Beauty
315,All Beauty
316,All Beauty
317,Premium Beauty
318,All Beauty
319,All Beauty
320,All Beauty
321,All Beauty
322,All Beauty
323,All Beauty
324,All Beauty
325,All Beauty
326,All Beauty
327,All Beauty
328,All Beauty
329,All Beauty
330,All Beauty
331,All Beauty
332,All Beauty
333,All Beauty
334,All Beauty
335,All Beauty
336,All Beauty
337,All Beauty
338,All Beauty
339,All Beauty
340,All Beauty
341,All Beauty
342,All Beauty
343,All Beauty
344,All Beauty
345,All Beauty
346,All Beauty
347,All Beauty
348,All Beauty
349,All Beauty
350,All Beauty
351,Premium Beauty
352,All Beauty
353,All Beauty
354,All Beauty
355,All Beauty
356,All Beauty
